{
  "patch": [
    {
      "title": "Ratchet and Clank",
      "app_ver": "01.09",
      "app_elf": "eboot.bin",
      "patch_ver": "1.0",
      "name": "60 FPS Unlock",
      "author": "illusion",
      "note": "",
      "patch_list": [
        {
          "type": "bytes",
          "addr": "0x01b23444",
          "value": "4d69fc48010000"
        },
        {
          "type": "bytes",
          "addr": "0x01b2344b",
          "value": "6641c7461e803f"
        }
      ]
    },
    {
      "title": "Ratchet and Clank",
      "app_ver": "01.09",
      "app_elf": "eboot.bin",
      "patch_ver": "1.0",
      "name": "Debug Menu",
      "author": "Lance McDonald (manfightdragon)",
      "note": "",
      "patch_list": [
        {
          "type": "bytes",
          "addr": "0x006e2ae5",
          "value": "803534a8740401"
        },
        {
          "type": "bytes",
          "addr": "0x006e2aec",
          "value": "9090"
        }
      ]
    }
  ],
  "base_file": "_patch0/orbis_new/RatchetandClankRemakeOrbis.json"
}