{
  "patch": [
    {
      "title": "FATAL FRAME: Maiden of Black Water",
      "app_ver": "01.04",
      "app_elf": "eboot.bin",
      "patch_ver": "1.0",
      "name": "60 FPS",
      "author": "illusion",
      "note": "",
      "patch_list": [
        {
          "type": "bytes",
          "addr": "0x007b2f90",
          "value": "48b83c00000001000000"
        }
      ]
    },
    {
      "title": "FATAL FRAME: Maiden of Black Water",
      "app_ver": "01.04",
      "app_elf": "eboot.bin",
      "patch_ver": "1.0",
      "name": "Always boot in English",
      "author": "illusion",
      "note": "Overrides display language selection with English.",
      "patch_list": [
        {
          "type": "bytes",
          "addr": "0x00c41e5f",
          "value": "b901000000"
        },
        {
          "type": "bytes",
          "addr": "0x00c41e64",
          "value": "eb1f"
        },
        {
          "type": "bytes",
          "addr": "0x00c40bcb",
          "value": "b801000000"
        }
      ]
    }
  ],
  "base_file": "_patch0/orbis_new/FatalFrame-Orbis.json"
}