{
  "patch": [
    {
      "title": "Mad Max",
      "app_ver": "01.06",
      "app_elf": "eboot.bin",
      "patch_ver": "1.0",
      "name": "60 FPS Unlock",
      "author": "illusion",
      "note": "",
      "patch_list": [
        {
          "type": "bytes",
          "addr": "0x0132b900",
          "value": "be00000000909090"
        }
      ]
    },
    {
      "title": "Mad Max",
      "app_ver": "01.06",
      "app_elf": "eboot.bin",
      "patch_ver": "1.0",
      "name": "Resolution Patch (720p)",
      "author": "illusion",
      "note": "",
      "patch_list": [
        {
          "type": "bytes32",
          "addr": "0x00e8ef48",
          "value": "0x00000500"
        },
        {
          "type": "bytes32",
          "addr": "0x00e8ef4c",
          "value": "0x000002d0"
        }
      ]
    },
    {
      "title": "Mad Max",
      "app_ver": "01.06",
      "app_elf": "eboot.bin",
      "patch_ver": "1.0",
      "name": "Disable Motion Blur",
      "author": "illusion",
      "note": "",
      "patch_list": [
        {
          "type": "byte",
          "addr": "0x00ea3f5a",
          "value": "0x00"
        }
      ]
    }
  ],
  "base_file": "_patch0/orbis_new/MadMax-Orbis.json"
}