{
  "patch": [
    {
      "title": "Horizon Forbidden West",
      "app_ver": "01.18",
      "app_elf": "eboot.bin",
      "patch_ver": "1.0",
      "name": "60 FPS",
      "author": "illusion",
      "note": "",
      "patch_list": [
        {
          "type": "bytes",
          "addr": "0x02b7ac40",
          "value": "31c0c3"
        }
      ]
    },
    {
      "title": "Horizon Forbidden West",
      "app_ver": "01.17",
      "app_elf": "eboot.bin",
      "patch_ver": "1.0",
      "name": "60 FPS",
      "author": "illusion",
      "note": "",
      "patch_list": [
        {
          "type": "bytes",
          "addr": "0x00566f83",
          "value": "be00000000"
        }
      ]
    },
    {
      "title": "Horizon Forbidden West",
      "app_ver": "01.17",
      "app_elf": "eboot.bin",
      "patch_ver": "1.0",
      "name": "Disable Inital Boot on First Startup",
      "author": "illusion",
      "note": "Skips long intro video and first time language selection screen.",
      "patch_list": [
        {
          "type": "bytes",
          "addr": "0x019e1bb7",
          "value": "c6801801000001"
        },
        {
          "type": "bytes",
          "addr": "0x019e1bbe",
          "value": "b001"
        },
        {
          "type": "bytes",
          "addr": "0x019e1bc0",
          "value": "c3"
        }
      ]
    }
  ],
  "base_file": "_patch0/orbis_new/HorizonForbiddenWest-Orbis.json"
}