{
  "patch": [
    {
      "title": "Resident Evil: Zero",
      "app_ver": "01.01",
      "app_elf": "bh0hd.elf",
      "patch_ver": "1.0",
      "name": "60 FPS Unlock",
      "author": "illusion",
      "note": "",
      "patch_list": [
        {
          "type": "bytes32",
          "addr": "0x00725aed",
          "value": "0x42700000"
        }
      ]
    },
    {
      "title": "Resident Evil: HD",
      "app_ver": "01.01",
      "app_elf": "bh1hd.elf",
      "patch_ver": "1.0",
      "name": "60 FPS Unlock",
      "author": "illusion",
      "note": "",
      "patch_list": [
        {
          "type": "bytes32",
          "addr": "0x004b5b1b",
          "value": "0x42700000"
        },
        {
          "type": "bytes32",
          "addr": "0x004b5b1f",
          "value": "0x42700000"
        }
      ]
    }
  ],
  "base_file": "_patch0/orbis_new/ResidentEvilOrigins-Orbis.json"
}