{
  "patch": [
    {
      "title": "Vampyr",
      "app_ver": "01.07",
      "app_elf": "eboot.bin",
      "patch_ver": "1.0",
      "name": "60 FPS Unlock",
      "author": "illusion",
      "note": "",
      "patch_list": [
        {
          "type": "bytes",
          "addr": "0x036bf726",
          "value": "eb69"
        }
      ]
    },
    {
      "title": "Vampyr",
      "app_ver": "01.07",
      "app_elf": "eboot.bin",
      "patch_ver": "1.0",
      "name": "Resolution Patch (720p)",
      "author": "illusion",
      "note": "",
      "patch_list": [
        {
          "type": "bytes",
          "addr": "0x03525259",
          "value": "48e8c61d1b009090"
        },
        {
          "type": "bytes",
          "addr": "0x036d7020",
          "value": "e989500500c70000008642c5f057c9c5fa1000c3"
        }
      ]
    }
  ],
  "base_file": "_patch0/orbis_new/Vampyr-Orbis.json"
}