{
  "patch": [
    {
      "title": "Life is Strange: True Colors",
      "app_ver": "01.05",
      "app_elf": "eboot.bin",
      "patch_ver": "1.0",
      "name": "60 FPS Unlock",
      "author": "illusion",
      "note": "",
      "patch_list": [
        {
          "type": "bytes",
          "addr": "0x04547742",
          "value": "eb07"
        }
      ]
    },
    {
      "title": "Life is Strange: True Colors",
      "app_ver": "01.05",
      "app_elf": "eboot.bin",
      "patch_ver": "1.0",
      "name": "60 FPS Unlock",
      "author": "illusion",
      "note": "",
      "patch_list": [
        {
          "type": "bytes",
          "addr": "0x03e0140c",
          "value": "48e8c1845d02"
        },
        {
          "type": "bytes",
          "addr": "0x063d98d2",
          "value": "0041c7048e00008642c4c17a10048ec3"
        }
      ]
    }
  ],
  "base_file": "_patch0/orbis_new/LifeisStrange3-TrueColors-Orbis.json"
}