{
  "patch": [
    {
      "title": "Elden Ring: Network Test",
      "app_ver": "01.00",
      "app_elf": "eboot.bin",
      "patch_ver": "1.0",
      "name": "60 FPS Unlock (For Base)",
      "author": "illusion",
      "note": "",
      "patch_list": [
        {
          "type": "bytes",
          "addr": "0x01ff26b5",
          "value": "48b90900000009000000"
        },
        {
          "type": "bytes",
          "addr": "0x01ff26bf",
          "value": "b805000000"
        },
        {
          "type": "bytes",
          "addr": "0x01ff26c4",
          "value": "eb06"
        }
      ]
    },
    {
      "title": "Elden Ring: Network Test",
      "app_ver": "01.00",
      "app_elf": "eboot.bin",
      "patch_ver": "1.0",
      "name": "30 FPS Fix (Proper Frame Pacing)",
      "author": "illusion",
      "note": "Caps framerate to 30 with proper frame pacing.",
      "patch_list": [
        {
          "type": "bytes",
          "addr": "0x01ff26b5",
          "value": "48b90900000009000000"
        },
        {
          "type": "bytes",
          "addr": "0x01ff26bf",
          "value": "b805000000"
        },
        {
          "type": "bytes",
          "addr": "0x01ff26c4",
          "value": "eb06"
        },
        {
          "type": "bytes",
          "addr": "0x0313efec",
          "value": "4489f6"
        },
        {
          "type": "bytes",
          "addr": "0x0313efef",
          "value": "90"
        }
      ]
    },
    {
      "title": "Elden Ring: Network Test",
      "app_ver": "01.00",
      "app_elf": "eboot.bin",
      "patch_ver": "1.0",
      "name": "Resolution Patch (720p for Base, 1080p for Pro)",
      "author": "illusion",
      "note": "",
      "patch_list": [
        {
          "type": "bytes32",
          "addr": "0x04258b8c",
          "value": "0x00000500"
        },
        {
          "type": "bytes32",
          "addr": "0x04258b90",
          "value": "0x000002d0"
        },
        {
          "type": "bytes32",
          "addr": "0x01fe105f",
          "value": "0x00000780"
        },
        {
          "type": "bytes32",
          "addr": "0x01fe1069",
          "value": "0x00000438"
        }
      ]
    },
    {
      "title": "Elden Ring: Network Test",
      "app_ver": "01.00",
      "app_elf": "eboot.bin",
      "patch_ver": "1.0",
      "name": "Bypass Network Check",
      "author": "Unknown, Whitehawkx, illusion",
      "note": "",
      "patch_list": [
        {
          "type": "bytes",
          "addr": "0x018863c0",
          "value": "b001"
        },
        {
          "type": "bytes",
          "addr": "0x018863c2",
          "value": "c3"
        }
      ]
    },
    {
      "title": "Elden Ring: Network Test",
      "app_ver": "01.00",
      "app_elf": "eboot.bin",
      "patch_ver": "1.0",
      "name": "Disable Fog Wall",
      "author": "Pav",
      "note": "",
      "patch_list": [
        {
          "type": "bytes",
          "addr": "0x017b7c33",
          "value": "90"
        },
        {
          "type": "bytes",
          "addr": "0x017b7c34",
          "value": "90"
        },
        {
          "type": "bytes",
          "addr": "0x017b7c35",
          "value": "90"
        },
        {
          "type": "bytes",
          "addr": "0x017b7c36",
          "value": "90"
        },
        {
          "type": "bytes",
          "addr": "0x017b7c37",
          "value": "90"
        }
      ]
    },
    {
      "title": "Elden Ring: Network Test",
      "app_ver": "01.00",
      "app_elf": "eboot.bin",
      "patch_ver": "1.0",
      "name": "Enable Video Recording and Screenshots",
      "author": "Whitehawkx",
      "note": "Re-enables built-in video recording and screenshots (Share button)",
      "patch_list": [
        {
          "type": "bytes",
          "addr": "0x01ffb793",
          "value": "c785b0fdffff00000000"
        }
      ]
    }
  ],
  "base_file": "_patch0/orbis_new/EldenRingNetworkTest-Orbis.json"
}