{
  "patch": [
    {
      "title": "Far Cry 6",
      "app_ver": "01.06",
      "app_elf": "eboot.bin",
      "patch_ver": "1.0",
      "name": "60 FPS Unlock",
      "author": "illusion",
      "note": "",
      "patch_list": [
        {
          "type": "bytes",
          "addr": "0x00df3471",
          "value": "eb0e"
        },
        {
          "type": "bytes",
          "addr": "0x00df3481",
          "value": "31f6"
        }
      ]
    }
  ],
  "base_file": "_patch0/orbis_new/FarCry6-Orbis.json"
}